2025-12-14 23:34	5635	./frontdoor_show.html
2025-12-14 22:36	30829	./physorg_qds_triage.html
2025-12-14 22:19	23696	./qds_battery_news_lab_v1.html
2025-12-14 22:19	23275	./physorg_supervault.html
2025-12-14 22:19	22999	./physorg_supervault_v4.html
2025-12-14 22:19	18001	./physorg_news_dashboard.html
2025-12-14 18:08	27957	./qds_revenue_floor_v5_2.html
2025-12-14 16:07	36350	./qds_avian_magnetoreception_lab_v6_omega_pro.html
2025-12-14 15:47	26507	./qds_avian_magnetoreception_lab_v5_fairplus.html
2025-12-14 15:08	29826	./qds_revenue_floor_v5_1.html
2025-12-14 14:58	28450	./qds_revenue_floor_v5.html
2025-12-14 14:45	27872	./qds_revenue_floor_v3_WORK.html
2025-12-14 14:24	35433	./qds_revenue_floor_v2_sensfix_v4.html
2025-12-14 14:19	30451	./qds_revenue_floor_v2_sensfix_v3.html
2025-12-14 14:16	30079	./qds_revenue_floor_v2_sensitivity_fix.html
2025-12-14 14:15	28158	./qds_revenue_floor_v2_delta.html
2025-12-14 14:04	14110	./qds_growthhub_onepager_print.html
2025-12-14 13:41	17989	./frontdoor_showroom.html
2025-12-14 12:48	26237	./qds_nasa_lab_suite.html
2025-12-14 12:27	33366	./qds_battery_habitat_rw_v1_3.html
2025-12-14 12:07	9848	./qds_binary_pulsar_lab.html
2025-12-14 12:07	9843	./qds_html_compressor_v1.html
2025-12-14 12:07	9664	./growthhub_official_top5.html
2025-12-14 12:07	9514	./qds_battery_os_index_v1.html
2025-12-14 12:07	9096	./growthhub_jargon_v1.html
2025-12-14 12:07	8849	./cannon_side_2d_v1.html
2025-12-14 12:07	8558	./qds_tool_atlas_v1.html
2025-12-14 12:07	8545	./NASA_RW3_report.html
2025-12-14 12:07	8517	./all_pages_compact.html
2025-12-14 12:07	8497	./all_pages.html
2025-12-14 12:07	8377	./portfolio_ultimate_allinone_v1.html
2025-12-14 12:07	8215	./qds_battery_hub_v9_1_purple_neon.html
2025-12-14 12:07	8186	./omega_os_index_v1.html
2025-12-14 12:07	7984	./solar_system_v6.html
2025-12-14 12:07	7770	./qds_revenue_predictor_v1.html
2025-12-14 12:07	7640	./qds_domain_map_animated_v1.html
2025-12-14 12:07	7196	./qds_battery_test_v1.html
2025-12-14 12:07	6934	./qds_battery_noise_toy_v1.html
2025-12-14 12:07	6744	./qds_solar_v6.html
2025-12-14 12:07	6740	./qds_test_platform.html
2025-12-14 12:07	6478	./stinchcombe_map.html
2025-12-14 12:07	635	./qds_avian_lab_latest.html
2025-12-14 12:07	6179	./battery_whisperer_index.html
2025-12-14 12:07	6052	./index_with_offer_20251207_165545.html
2025-12-14 12:07	6052	./index_with_offer_20251207_165431.html
2025-12-14 12:07	6052	./index_with_offer_20251207_165424.html
2025-12-14 12:07	6052	./index_with_offer_20251207_165411.html
2025-12-14 12:07	6052	./index_with_offer_20251207_165325.html
2025-12-14 12:07	6052	./index_with_offer_20251207_165318.html
2025-12-14 12:07	5891	./dev_hub.html
2025-12-14 12:07	5781	./qds_domain_map.html
2025-12-14 12:07	5644	./frontdoor_show_fix_revenue_20251210_223127.html
2025-12-14 12:07	5609	./qds_5_pillars_hub.html
2025-12-14 12:07	5599	./portfolio_market_allinone_v1.html
2025-12-14 12:07	5579	./index.html
2025-12-14 12:07	5472	./qds_5_pillars_hub_v1.html
2025-12-14 12:07	53790	./qds_binary_pulsar_lab_v2_max.html
2025-12-14 12:07	50995	./qds_stability_suite_max_v1.html
2025-12-14 12:07	5076	./frontdoor.html
2025-12-14 12:07	48	./growthhub_multi_area_stack_v1.html
2025-12-14 12:07	44803	./qds_battery_suite_v6_realworld.html
2025-12-14 12:07	44662	./qds_battery_hub_v9_6_science_neon.html
2025-12-14 12:07	44410	./qds_battery_suite_v8_3_neon_shell.html
2025-12-14 12:07	4430	./offer_demo_suite_v1.html
2025-12-14 12:07	4386	./index_with_offer_20251207_165720.html
2025-12-14 12:07	4386	./index_with_offer_20251207_165559.html
2025-12-14 12:07	426	./binary_data_app.html
2025-12-14 12:07	4078	./proof_of_ship_v1.html
2025-12-14 12:07	4069	./offer_showcase_hub_v1.html
2025-12-14 12:07	4017	./offer_microsite_v1.html
2025-12-14 12:07	40134	./qds_battery_hub_v9_5_science_neon.html
2025-12-14 12:07	3981	./offer_index_v1.html
2025-12-14 12:07	394	./binary_data_notes.html
2025-12-14 12:07	39346	./solar_system_v8_offline.html
2025-12-14 12:07	3911	./index_demo_front_20251207_172220.html
2025-12-14 12:07	3911	./index_demo_front_20251207_170108.html
2025-12-14 12:07	3872	./qds_production_dashboard_v1.html
2025-12-14 12:07	3752	./growthhub_meeting_script_v1.html
2025-12-14 12:07	3743	./start_here_90s_v1.html
2025-12-14 12:07	37350	./qds_battery_hub_v9_4_science_neon_plus.html
2025-12-14 12:07	37138	./qds_battery_hub_v9_2_purple_neon.html
2025-12-14 12:07	36370	./qds_battery_suite_v5_boss_polish.html
2025-12-14 12:07	36309	./indus_atlas_v1_qds_language_lab.html
2025-12-14 12:07	35414	./qds_pulsar_suite_onebutton_MAX.html
2025-12-14 12:07	3484687	./AreaSummary_202512020910.html
2025-12-14 12:07	34462	./qds_battery_suite_v4_showcase.html
2025-12-14 12:07	34437	./qds_test_task_pack_v1_1_pro.html
2025-12-14 12:07	34262	./qds_battery_hub_v9_7_science_neon_lab.html
2025-12-14 12:07	33798	./qds_page_forge_v1.html
2025-12-14 12:07	32620	./qds_rotmod_extreme_lab.html
2025-12-14 12:07	3249	./qds_avian_navigation_lab.html
2025-12-14 12:07	32115	./solar_system_v9_2_mobile_3d_showcase.html
2025-12-14 12:07	32115	./solar_system_v7.html
2025-12-14 12:07	32034	./qds_learning_alphabet_lab_vmax.html
2025-12-14 12:07	32032	./qds_rc_lab_ultra.html
2025-12-14 12:07	31913	./qds_learning_alphabet_lab_v2.html
2025-12-14 12:07	30737	./qds_universe_v9_6_turbo_pan.html
2025-12-14 12:07	30472	./qds_revenue_onepager.html
2025-12-14 12:07	29455	./qds_battery_lab_showcase_v1.html
2025-12-14 12:07	29425	./qds_battery_coach_v3.html
2025-12-14 12:07	287	./bird_migration_lab.html
2025-12-14 12:07	279	./bird_migration_notes.html
2025-12-14 12:07	27452	./qds_showcase_index_v1_1.html
2025-12-14 12:07	27434	./h_code_warning_nodes_demo.html
2025-12-14 12:07	27181	./qds_battery_habitat_demo.html
2025-12-14 12:07	26720	./qds_battery_habitat_v1_2_build002.html
2025-12-14 12:07	26501	./qds_battery_hub_v9_3_science_neon.html
2025-12-14 12:07	26465	./qds_avian_lab_v4_pro.html
2025-12-14 12:07	26332	./dev_door_space.html
2025-12-14 12:07	26331	./qds_megasuite_onebutton_MAX.html
2025-12-14 12:07	25935	./qds_showcase_index_v1.html
2025-12-14 12:07	25891	./omega_qds_lab.html
2025-12-14 12:07	25585	./cannon_wall_breaker_v1.html
2025-12-14 12:07	24638	./ddmelts_microsite_v1_2_pink_hearts.html
2025-12-14 12:07	24471	./ddmelts_microsite_v1_1.html
2025-12-14 12:07	24441	./qds_revenue_floor_v2.html
2025-12-14 12:07	24441	./qds_revenue_floor_STRETCH.html
2025-12-14 12:07	24441	./qds_revenue_floor_BASE.html
2025-12-14 12:07	24373	./ddmelts_microsite_v1_2_live_links.html
2025-12-14 12:07	24182	./qds_battery_lab_showcase_stress_bias_v1.html
2025-12-14 12:07	2377	./qds_binary_pulsar_notes.html
2025-12-14 12:07	23477	./qds_battery_lab_showcase_stress_bias_v2.html
2025-12-14 12:07	23318	./cuboro_digital_v1.html
2025-12-14 12:07	228	./qds_battery_hub_v9_5_1_science_neon.html
2025-12-14 12:07	22312	./qds_battery_habitat_v1_1_build_001.html
2025-12-14 12:07	21810	./marble_run3d.html
2025-12-14 12:07	21399	./qds_news_backtest_v2.html
2025-12-14 12:07	20860	./qds_solar_v5.html
2025-12-14 12:07	2076	./omega_master_report.html
2025-12-14 12:07	20411	./last5days_index.html
2025-12-14 12:07	20133	./all_pages_index.html
2025-12-14 12:07	19403	./battery_skin_v2.html
2025-12-14 12:07	19208	./ddmelts_microsite_v1.html
2025-12-14 12:07	19	./legacy_hub_v1.html
2025-12-14 12:07	18672	./qds_universe_v12b_mobile.html
2025-12-14 12:07	18583	./qds_universe_v9_10_neon_planet_colours.html
2025-12-14 12:07	18572	./battery_skin_v2_max.html
2025-12-14 12:07	18418	./qds_battery_suite_v8_2_poster_tamed.html
2025-12-14 12:07	18400	./qds_battery_suite_v8_1_fairpath.html
2025-12-14 12:07	17752	./qds_universe_v9_3_neon_chaos_orbs.html
2025-12-14 12:07	17718	./qds_battery_suite_v8_nextlevel.html
2025-12-14 12:07	17391	./cannon_wall_breaker_v1_1.html
2025-12-14 12:07	17249	./marble_run3d_cuboro_grid.html
2025-12-14 12:07	17247	./qds_test_task_pack_v1.html
2025-12-14 12:07	17171	./qds_solar_system_v4.html
2025-12-14 12:07	17106	./qds_universe_v9_2_neon_clear_planets.html
2025-12-14 12:07	17056	./growthhub_allinone_v1.html
2025-12-14 12:07	17022	./qds_battery_suite_v7_autobench.html
2025-12-14 12:07	1702	./qds_battery_design_v1.html
2025-12-14 12:07	16872	./phone_chatgpt_case_study.html
2025-12-14 12:07	1683	./qds_compression_lab_v1.html
2025-12-14 12:07	16565	./qds_learning_alphabet_lab_v1.html
2025-12-14 12:07	16405	./q_space_pool_v2_max_chaos.html
2025-12-14 12:07	16249	./omega_space_pool_v1.html
2025-12-14 12:07	15944	./omega_os_index_v2.html
2025-12-14 12:07	15757	./qds_business_projection_posh_v1.html
2025-12-14 12:07	15314	./pyramid_pinball_v1.html
2025-12-14 12:07	1527	./qds_sensors_metrology_v1.html
2025-12-14 12:07	1517	./qds_chips_noise_v1.html
2025-12-14 12:07	150733	./README_RW_UniformDischargeVariableCharge_RT.html
2025-12-14 12:07	15055	./growthhub_with_offer_20251207_165720.html
2025-12-14 12:07	15055	./growthhub_with_offer_20251207_165559.html
2025-12-14 12:07	15055	./growthhub_with_offer_20251207_165545.html
2025-12-14 12:07	15055	./growthhub_with_offer_20251207_165431.html
2025-12-14 12:07	15055	./growthhub_with_offer_20251207_165424.html
2025-12-14 12:07	15055	./growthhub_with_offer_20251207_165411.html
2025-12-14 12:07	15055	./growthhub_with_offer_20251207_165325.html
2025-12-14 12:07	15055	./growthhub_with_offer_20251207_165318.html
2025-12-14 12:07	15034	./qds_universe_max.html
2025-12-14 12:07	14861	./qds_solar_v2.html
2025-12-14 12:07	14580	./growthhub_demo_front_20251207_172220.html
2025-12-14 12:07	14580	./growthhub_demo_front_20251207_170108.html
2025-12-14 12:07	14496	./growthhub_linked_20251207_165721.html
2025-12-14 12:07	14496	./growthhub_linked_20251207_165600.html
2025-12-14 12:07	14496	./growthhub_linked_20251207_165546.html
2025-12-14 12:07	14496	./growthhub_linked_20251207_163635.html
2025-12-14 12:07	14496	./growthhub_linked_20251207_163619.html
2025-12-14 12:07	14496	./growthhub_linked_20251207_163119.html
2025-12-14 12:07	14496	./growthhub_linked_20251207_163105.html
2025-12-14 12:07	14496	./growthhub_linked_20251207_162917.html
2025-12-14 12:07	14496	./growthhub_linked_20251207_162635.html
2025-12-14 12:07	14464	./qds_battery_lab.html
2025-12-14 12:07	14390	./qds_rotation_lab.html
2025-12-14 12:07	14043	./growthhub.html
2025-12-14 12:07	13932	./qds_battery_whisperer_v2.html
2025-12-14 12:07	13774	./qds_variance_lab.html
2025-12-14 12:07	13686	./qds_solar_system_v3.html
2025-12-14 12:07	12360	./portfolio_v1.html
2025-12-14 12:07	12360	./portfolio_offer_v2_20251206_134821.html
2025-12-14 12:07	12360	./portfolio_offer_v2.html
2025-12-14 12:07	12360	./portfolio.html
2025-12-14 12:07	12350	./qds_avian_lab_v2.html
2025-12-14 12:07	12189	./qds_shed_index_v1.html
2025-12-14 12:07	12028	./qds_solar_system.html
2025-12-14 12:07	11755	./qds_solar_v6_textures.html
2025-12-14 12:07	11135	./qds_micro_lab.html
2025-12-14 12:07	11135	./q.html
2025-12-14 12:07	10907	./growthhub_allinone_v1_1.html
2025-12-14 12:07	10874	./qds_marble_run_true3d_v1.html
2025-12-14 12:07	10874	./growthhub_official_top5_with_offer_20251207_165720.html
2025-12-14 12:07	10874	./growthhub_official_top5_with_offer_20251207_165559.html
2025-12-14 12:07	10874	./growthhub_official_top5_with_offer_20251207_165545.html
2025-12-14 12:07	10874	./growthhub_official_top5_with_offer_20251207_165431.html
2025-12-14 12:07	10874	./growthhub_official_top5_with_offer_20251207_165424.html
2025-12-14 12:07	10874	./growthhub_official_top5_with_offer_20251207_165411.html
2025-12-14 12:07	10874	./growthhub_official_top5_with_offer_20251207_165325.html
2025-12-14 12:07	10874	./growthhub_official_top5_with_offer_20251207_165318.html
2025-12-14 12:07	10854	./qds_test_platformV3.html
2025-12-14 12:07	10792	./qds_sandbox.html
2025-12-14 12:07	10748	./qds_avian_lab_v3_pro.html
2025-12-14 12:07	10721	./qds_battery_index_v1_neon_os.html
2025-12-14 12:07	10560	./all_pages_min.html
2025-12-14 12:07	10541	./growthhub_stroud_demo.html
2025-12-14 12:07	10495	./qds_cheatsheet_v1.html
2025-12-14 12:07	10399	./growthhub_official_top5_demo_front_20251207_172220.html
2025-12-14 12:07	10399	./growthhub_official_top5_demo_front_20251207_170108.html
2025-12-14 12:07	10101	./catapult_balloon_pop_v1.html
2025-12-12 19:57	8545	./nasa_rw3/NASA_RW3_report.html
2025-12-08 19:44	24441	./_clean_masters/qds_revenue_floor_v2.html
2025-12-08 19:40	24441	./_clean_masters/qds_revenue_floor_STRETCH.html
2025-12-08 19:40	24441	./_clean_masters/qds_revenue_floor_BASE.html
2025-12-07 22:22	7282	./f/index.html
2025-12-06 09:14	2119	./QDS-5-WEDGE-PORTFOLIO/index.html
2025-12-05 16:17	5579	./QDS_Battery_Lab/index.html
