galaxy,n,chi2_bary,redchi2_bary,chi2_qds,redchi2_qds,improve_pct,v0,lam,out_csv
CamB,9,85.2602,9.47336,85.2602,12.18,-28.571,0,0.2,/data/data/com.termux/files/home/OMEGA_EMPIRE/UV_QDS/data/rotmods_rc/qds_fit_out_flatboost_20251213_003324/CamB_QDS_bestfit.csv
D512-2,4,44.4258,11.1064,0.130817,0.0654087,99.411,32.3744,1.28673,/data/data/com.termux/files/home/OMEGA_EMPIRE/UV_QDS/data/rotmods_rc/qds_fit_out_flatboost_20251213_003324/D512-2_QDS_bestfit.csv
D564-8,6,171.085,28.5141,0.806581,0.201645,99.293,31.9212,2.35105,/data/data/com.termux/files/home/OMEGA_EMPIRE/UV_QDS/data/rotmods_rc/qds_fit_out_flatboost_20251213_003324/D564-8_QDS_bestfit.csv
D631-7,16,1408.1,88.0062,35.6422,2.54587,97.107,114.214,9.42785,/data/data/com.termux/files/home/OMEGA_EMPIRE/UV_QDS/data/rotmods_rc/qds_fit_out_flatboost_20251213_003324/D631-7_QDS_bestfit.csv
DDO064,14,117.325,8.38033,4.1337,0.344475,95.889,56.5572,1.95333,/data/data/com.termux/files/home/OMEGA_EMPIRE/UV_QDS/data/rotmods_rc/qds_fit_out_flatboost_20251213_003324/DDO064_QDS_bestfit.csv
DDO154,12,65173.2,5431.1,42.2588,4.22588,99.922,50.0837,2.18673,/data/data/com.termux/files/home/OMEGA_EMPIRE/UV_QDS/data/rotmods_rc/qds_fit_out_flatboost_20251213_003324/DDO154_QDS_bestfit.csv
DDO161,31,10061.1,324.551,21.0752,0.726729,99.776,67.2562,6.30397,/data/data/com.termux/files/home/OMEGA_EMPIRE/UV_QDS/data/rotmods_rc/qds_fit_out_flatboost_20251213_003324/DDO161_QDS_bestfit.csv
DDO168,10,1249.1,124.91,43.8659,5.48323,95.610,82.0033,3.93819,/data/data/com.termux/files/home/OMEGA_EMPIRE/UV_QDS/data/rotmods_rc/qds_fit_out_flatboost_20251213_003324/DDO168_QDS_bestfit.csv
DDO170,8,3927.75,490.969,10.6296,1.77161,99.639,55.0301,3.32388,/data/data/com.termux/files/home/OMEGA_EMPIRE/UV_QDS/data/rotmods_rc/qds_fit_out_flatboost_20251213_003324/DDO170_QDS_bestfit.csv
ESO079-G014,15,1654.38,110.292,31.2725,2.40558,97.819,140.529,8.66975,/data/data/com.termux/files/home/OMEGA_EMPIRE/UV_QDS/data/rotmods_rc/qds_fit_out_flatboost_20251213_003324/ESO079-G014_QDS_bestfit.csv
ESO116-G012,15,2783.66,185.577,16.9212,1.30163,99.299,108.138,4.31724,/data/data/com.termux/files/home/OMEGA_EMPIRE/UV_QDS/data/rotmods_rc/qds_fit_out_flatboost_20251213_003324/ESO116-G012_QDS_bestfit.csv
ESO444-G084,7,1807.77,258.253,4.20082,0.840164,99.675,63.6181,1.28673,/data/data/com.termux/files/home/OMEGA_EMPIRE/UV_QDS/data/rotmods_rc/qds_fit_out_flatboost_20251213_003324/ESO444-G084_QDS_bestfit.csv
ESO563-G021,30,1805.26,60.1754,417.496,14.9106,75.221,243.517,14.3032,/data/data/com.termux/files/home/OMEGA_EMPIRE/UV_QDS/data/rotmods_rc/qds_fit_out_flatboost_20251213_003324/ESO563-G021_QDS_bestfit.csv
F561-1,6,3.7274,0.621233,3.7274,0.931849,-50.000,0,0.2,/data/data/com.termux/files/home/OMEGA_EMPIRE/UV_QDS/data/rotmods_rc/qds_fit_out_flatboost_20251213_003324/F561-1_QDS_bestfit.csv
F563-1,17,453.434,26.6726,9.39019,0.626013,97.653,103.005,3.32388,/data/data/com.termux/files/home/OMEGA_EMPIRE/UV_QDS/data/rotmods_rc/qds_fit_out_flatboost_20251213_003324/F563-1_QDS_bestfit.csv
F563-V1,6,0.870525,0.145088,0.869688,0.217422,-49.856,1.61098,0.403061,/data/data/com.termux/files/home/OMEGA_EMPIRE/UV_QDS/data/rotmods_rc/qds_fit_out_flatboost_20251213_003324/F563-V1_QDS_bestfit.csv
F563-V2,10,163.941,16.3941,1.77939,0.222424,98.643,108.583,2.18673,/data/data/com.termux/files/home/OMEGA_EMPIRE/UV_QDS/data/rotmods_rc/qds_fit_out_flatboost_20251213_003324/F563-V2_QDS_bestfit.csv
F565-V2,7,259.915,37.1307,0.475259,0.0950518,99.744,87.5484,4.31724,/data/data/com.termux/files/home/OMEGA_EMPIRE/UV_QDS/data/rotmods_rc/qds_fit_out_flatboost_20251213_003324/F565-V2_QDS_bestfit.csv
F567-2,5,17.7389,3.54777,0.861613,0.287204,91.905,36.6171,2.56578,/data/data/com.termux/files/home/OMEGA_EMPIRE/UV_QDS/data/rotmods_rc/qds_fit_out_flatboost_20251213_003324/F567-2_QDS_bestfit.csv
F568-1,12,345.218,28.7682,1.97175,0.197175,99.315,125.632,3.32388,/data/data/com.termux/files/home/OMEGA_EMPIRE/UV_QDS/data/rotmods_rc/qds_fit_out_flatboost_20251213_003324/F568-1_QDS_bestfit.csv
F568-3,18,273.719,15.2066,22.1372,1.38357,90.902,107.586,6.68302,/data/data/com.termux/files/home/OMEGA_EMPIRE/UV_QDS/data/rotmods_rc/qds_fit_out_flatboost_20251213_003324/F568-3_QDS_bestfit.csv
F568-V1,15,473.529,31.5686,0.807033,0.0620795,99.803,106.646,2.1998,/data/data/com.termux/files/home/OMEGA_EMPIRE/UV_QDS/data/rotmods_rc/qds_fit_out_flatboost_20251213_003324/F568-V1_QDS_bestfit.csv
F571-8,13,1600.76,123.135,522.334,47.4849,61.437,239.385,16.4337,/data/data/com.termux/files/home/OMEGA_EMPIRE/UV_QDS/data/rotmods_rc/qds_fit_out_flatboost_20251213_003324/F571-8_QDS_bestfit.csv
F571-V1,7,206.228,29.4612,0.427007,0.0854015,99.710,80.3965,4.69629,/data/data/com.termux/files/home/OMEGA_EMPIRE/UV_QDS/data/rotmods_rc/qds_fit_out_flatboost_20251213_003324/F571-V1_QDS_bestfit.csv
F574-1,14,889.951,63.5679,3.76058,0.313382,99.507,84.4094,2.94483,/data/data/com.termux/files/home/OMEGA_EMPIRE/UV_QDS/data/rotmods_rc/qds_fit_out_flatboost_20251213_003324/F574-1_QDS_bestfit.csv
F574-2,5,3.35699,0.671398,3.35699,1.119,-66.667,0,0.2,/data/data/com.termux/files/home/OMEGA_EMPIRE/UV_QDS/data/rotmods_rc/qds_fit_out_flatboost_20251213_003324/F574-2_QDS_bestfit.csv
F579-V1,14,192.098,13.7213,0.441744,0.036812,99.732,84.3113,0.775107,/data/data/com.termux/files/home/OMEGA_EMPIRE/UV_QDS/data/rotmods_rc/qds_fit_out_flatboost_20251213_003324/F579-V1_QDS_bestfit.csv
F583-1,25,905.976,36.239,8.34642,0.362888,98.999,83.2756,3.93819,/data/data/com.termux/files/home/OMEGA_EMPIRE/UV_QDS/data/rotmods_rc/qds_fit_out_flatboost_20251213_003324/F583-1_QDS_bestfit.csv
F583-4,12,209.296,17.4413,3.52223,0.352223,97.981,55.1854,2.56578,/data/data/com.termux/files/home/OMEGA_EMPIRE/UV_QDS/data/rotmods_rc/qds_fit_out_flatboost_20251213_003324/F583-4_QDS_bestfit.csv
IC2574,34,7407.34,217.863,86.2142,2.69419,98.763,134.025,18.7995,/data/data/com.termux/files/home/OMEGA_EMPIRE/UV_QDS/data/rotmods_rc/qds_fit_out_flatboost_20251213_003324/IC2574_QDS_bestfit.csv
IC4202,32,1850.47,57.8273,1622.87,54.0957,6.453,275.862,40,/data/data/com.termux/files/home/OMEGA_EMPIRE/UV_QDS/data/rotmods_rc/qds_fit_out_flatboost_20251213_003324/IC4202_QDS_bestfit.csv
KK98-251,15,228.241,15.2161,4.55582,0.350448,97.697,52.6556,3.93819,/data/data/com.termux/files/home/OMEGA_EMPIRE/UV_QDS/data/rotmods_rc/qds_fit_out_flatboost_20251213_003324/KK98-251_QDS_bestfit.csv
NGC0024,29,1588.69,54.7823,15.9766,0.591725,98.920,94.4302,1.28673,/data/data/com.termux/files/home/OMEGA_EMPIRE/UV_QDS/data/rotmods_rc/qds_fit_out_flatboost_20251213_003324/NGC0024_QDS_bestfit.csv
NGC0055,21,1263.1,60.1477,47.1989,2.48415,95.870,84.3862,7.06207,/data/data/com.termux/files/home/OMEGA_EMPIRE/UV_QDS/data/rotmods_rc/qds_fit_out_flatboost_20251213_003324/NGC0055_QDS_bestfit.csv
NGC0100,21,473.5,22.5476,7.80928,0.411015,98.177,123.397,9.0488,/data/data/com.termux/files/home/OMEGA_EMPIRE/UV_QDS/data/rotmods_rc/qds_fit_out_flatboost_20251213_003324/NGC0100_QDS_bestfit.csv
NGC0247,26,4174.91,160.573,74.5328,3.10553,98.066,70.3685,2.52003,/data/data/com.termux/files/home/OMEGA_EMPIRE/UV_QDS/data/rotmods_rc/qds_fit_out_flatboost_20251213_003324/NGC0247_QDS_bestfit.csv
NGC0289,28,2037.15,72.7553,65.6466,2.52487,96.530,147.172,16.669,/data/data/com.termux/files/home/OMEGA_EMPIRE/UV_QDS/data/rotmods_rc/qds_fit_out_flatboost_20251213_003324/NGC0289_QDS_bestfit.csv
NGC0300,25,2506.84,100.273,10.0041,0.434963,99.566,89.9599,3.93819,/data/data/com.termux/files/home/OMEGA_EMPIRE/UV_QDS/data/rotmods_rc/qds_fit_out_flatboost_20251213_003324/NGC0300_QDS_bestfit.csv
NGC0801,13,686.64,52.8185,541.008,49.1825,6.884,126.777,40,/data/data/com.termux/files/home/OMEGA_EMPIRE/UV_QDS/data/rotmods_rc/qds_fit_out_flatboost_20251213_003324/NGC0801_QDS_bestfit.csv
NGC0891,18,3702.46,205.692,3702.46,231.404,-12.500,0,0.2,/data/data/com.termux/files/home/OMEGA_EMPIRE/UV_QDS/data/rotmods_rc/qds_fit_out_flatboost_20251213_003324/NGC0891_QDS_bestfit.csv
NGC1003,36,15108,419.666,88.1922,2.59389,99.382,108.844,10.0422,/data/data/com.termux/files/home/OMEGA_EMPIRE/UV_QDS/data/rotmods_rc/qds_fit_out_flatboost_20251213_003324/NGC1003_QDS_bestfit.csv
NGC1090,24,2278.53,94.9388,165.983,7.54469,92.053,209.697,39.7124,/data/data/com.termux/files/home/OMEGA_EMPIRE/UV_QDS/data/rotmods_rc/qds_fit_out_flatboost_20251213_003324/NGC1090_QDS_bestfit.csv
NGC1705,14,922.977,65.9269,2.78283,0.231903,99.648,64.7622,0.579048,/data/data/com.termux/files/home/OMEGA_EMPIRE/UV_QDS/data/rotmods_rc/qds_fit_out_flatboost_20251213_003324/NGC1705_QDS_bestfit.csv
NGC2366,26,1674.49,64.4034,54.9206,2.28836,96.447,52.4832,2.70956,/data/data/com.termux/files/home/OMEGA_EMPIRE/UV_QDS/data/rotmods_rc/qds_fit_out_flatboost_20251213_003324/NGC2366_QDS_bestfit.csv
NGC2403,73,149505,2048.01,1627.98,22.9293,98.880,120.948,5.92493,/data/data/com.termux/files/home/OMEGA_EMPIRE/UV_QDS/data/rotmods_rc/qds_fit_out_flatboost_20251213_003324/NGC2403_QDS_bestfit.csv
NGC2683,11,136.785,12.435,51.9523,5.77248,53.579,208.728,40,/data/data/com.termux/files/home/OMEGA_EMPIRE/UV_QDS/data/rotmods_rc/qds_fit_out_flatboost_20251213_003324/NGC2683_QDS_bestfit.csv
NGC2841,50,20497.7,409.953,104.835,2.18405,99.467,238.882,10.0422,/data/data/com.termux/files/home/OMEGA_EMPIRE/UV_QDS/data/rotmods_rc/qds_fit_out_flatboost_20251213_003324/NGC2841_QDS_bestfit.csv
NGC2903,34,7660.35,225.304,6142.55,191.955,14.802,253.241,40,/data/data/com.termux/files/home/OMEGA_EMPIRE/UV_QDS/data/rotmods_rc/qds_fit_out_flatboost_20251213_003324/NGC2903_QDS_bestfit.csv
NGC2915,30,1501.88,50.0628,28.246,1.00879,97.985,79.1993,1.63777,/data/data/com.termux/files/home/OMEGA_EMPIRE/UV_QDS/data/rotmods_rc/qds_fit_out_flatboost_20251213_003324/NGC2915_QDS_bestfit.csv
NGC2955,24,1386.14,57.7558,1386.14,63.0063,-9.091,0,0.2,/data/data/com.termux/files/home/OMEGA_EMPIRE/UV_QDS/data/rotmods_rc/qds_fit_out_flatboost_20251213_003324/NGC2955_QDS_bestfit.csv
NGC2976,27,28.2704,1.04705,28.2704,1.13081,-8.000,0,0.2,/data/data/com.termux/files/home/OMEGA_EMPIRE/UV_QDS/data/rotmods_rc/qds_fit_out_flatboost_20251213_003324/NGC2976_QDS_bestfit.csv
NGC2998,13,2009.13,154.548,36.2845,3.29859,97.866,185.256,25.4263,/data/data/com.termux/files/home/OMEGA_EMPIRE/UV_QDS/data/rotmods_rc/qds_fit_out_flatboost_20251213_003324/NGC2998_QDS_bestfit.csv
NGC3109,25,3186.47,127.459,4.98555,0.216763,99.830,83.5448,4.31724,/data/data/com.termux/files/home/OMEGA_EMPIRE/UV_QDS/data/rotmods_rc/qds_fit_out_flatboost_20251213_003324/NGC3109_QDS_bestfit.csv
NGC3198,43,12645.3,294.076,338.771,8.26271,97.190,137.768,14.9175,/data/data/com.termux/files/home/OMEGA_EMPIRE/UV_QDS/data/rotmods_rc/qds_fit_out_flatboost_20251213_003324/NGC3198_QDS_bestfit.csv
NGC3521,41,1205.64,29.4057,1162.66,29.8119,-1.381,303.448,40,/data/data/com.termux/files/home/OMEGA_EMPIRE/UV_QDS/data/rotmods_rc/qds_fit_out_flatboost_20251213_003324/NGC3521_QDS_bestfit.csv
NGC3726,12,257.327,21.4439,229.187,22.9187,-6.878,146.3,40,/data/data/com.termux/files/home/OMEGA_EMPIRE/UV_QDS/data/rotmods_rc/qds_fit_out_flatboost_20251213_003324/NGC3726_QDS_bestfit.csv
NGC3741,21,2401.33,114.349,9.88654,0.520344,99.545,50.0579,2.18673,/data/data/com.termux/files/home/OMEGA_EMPIRE/UV_QDS/data/rotmods_rc/qds_fit_out_flatboost_20251213_003324/NGC3741_QDS_bestfit.csv
NGC3769,12,267.881,22.3234,57.3765,5.73765,74.298,109.076,10.944,/data/data/com.termux/files/home/OMEGA_EMPIRE/UV_QDS/data/rotmods_rc/qds_fit_out_flatboost_20251213_003324/NGC3769_QDS_bestfit.csv
NGC3877,13,278.214,21.4011,278.214,25.2922,-18.182,0,0.2,/data/data/com.termux/files/home/OMEGA_EMPIRE/UV_QDS/data/rotmods_rc/qds_fit_out_flatboost_20251213_003324/NGC3877_QDS_bestfit.csv
NGC3893,10,167.362,16.7362,124.198,15.5247,7.239,304.029,40,/data/data/com.termux/files/home/OMEGA_EMPIRE/UV_QDS/data/rotmods_rc/qds_fit_out_flatboost_20251213_003324/NGC3893_QDS_bestfit.csv
NGC3917,17,636.644,37.4496,28.6756,1.91171,94.895,96.8039,4.93156,/data/data/com.termux/files/home/OMEGA_EMPIRE/UV_QDS/data/rotmods_rc/qds_fit_out_flatboost_20251213_003324/NGC3917_QDS_bestfit.csv
NGC3949,7,196.614,28.0877,196.614,39.3227,-40.000,0,0.2,/data/data/com.termux/files/home/OMEGA_EMPIRE/UV_QDS/data/rotmods_rc/qds_fit_out_flatboost_20251213_003324/NGC3949_QDS_bestfit.csv
NGC3953,8,69.0729,8.63412,69.0729,11.5122,-33.333,0,0.2,/data/data/com.termux/files/home/OMEGA_EMPIRE/UV_QDS/data/rotmods_rc/qds_fit_out_flatboost_20251213_003324/NGC3953_QDS_bestfit.csv
NGC3972,10,186.323,18.6323,12.9322,1.61652,91.324,120.754,6.91829,/data/data/com.termux/files/home/OMEGA_EMPIRE/UV_QDS/data/rotmods_rc/qds_fit_out_flatboost_20251213_003324/NGC3972_QDS_bestfit.csv
NGC3992,9,591.917,65.7686,8.03825,1.14832,98.254,187.586,17.048,/data/data/com.termux/files/home/OMEGA_EMPIRE/UV_QDS/data/rotmods_rc/qds_fit_out_flatboost_20251213_003324/NGC3992_QDS_bestfit.csv
NGC4010,12,155.132,12.9277,35.2086,3.52086,72.765,258,28.6416,/data/data/com.termux/files/home/OMEGA_EMPIRE/UV_QDS/data/rotmods_rc/qds_fit_out_flatboost_20251213_003324/NGC4010_QDS_bestfit.csv
NGC4013,36,2146.49,59.6246,604.316,17.774,70.190,249.565,40,/data/data/com.termux/files/home/OMEGA_EMPIRE/UV_QDS/data/rotmods_rc/qds_fit_out_flatboost_20251213_003324/NGC4013_QDS_bestfit.csv
NGC4051,7,104.705,14.9579,104.705,20.9411,-40.000,0,0.2,/data/data/com.termux/files/home/OMEGA_EMPIRE/UV_QDS/data/rotmods_rc/qds_fit_out_flatboost_20251213_003324/NGC4051_QDS_bestfit.csv
NGC4068,6,27.2257,4.53761,5.40405,1.35101,70.226,81.9836,7.06207,/data/data/com.termux/files/home/OMEGA_EMPIRE/UV_QDS/data/rotmods_rc/qds_fit_out_flatboost_20251213_003324/NGC4068_QDS_bestfit.csv
NGC4085,7,219.178,31.3112,219.178,43.8356,-40.000,0,0.2,/data/data/com.termux/files/home/OMEGA_EMPIRE/UV_QDS/data/rotmods_rc/qds_fit_out_flatboost_20251213_003324/NGC4085_QDS_bestfit.csv
NGC4088,12,619.007,51.5839,619.007,61.9007,-20.000,0,0.2,/data/data/com.termux/files/home/OMEGA_EMPIRE/UV_QDS/data/rotmods_rc/qds_fit_out_flatboost_20251213_003324/NGC4088_QDS_bestfit.csv
NGC4100,24,538.952,22.4563,57.1109,2.59595,88.440,147.931,13.9241,/data/data/com.termux/files/home/OMEGA_EMPIRE/UV_QDS/data/rotmods_rc/qds_fit_out_flatboost_20251213_003324/NGC4100_QDS_bestfit.csv
NGC4138,7,29.0065,4.14379,14.0859,2.81717,32.015,278.7,39.7969,/data/data/com.termux/files/home/OMEGA_EMPIRE/UV_QDS/data/rotmods_rc/qds_fit_out_flatboost_20251213_003324/NGC4138_QDS_bestfit.csv
NGC4157,17,360.664,21.2155,318.814,21.2543,-0.183,176.378,40,/data/data/com.termux/files/home/OMEGA_EMPIRE/UV_QDS/data/rotmods_rc/qds_fit_out_flatboost_20251213_003324/NGC4157_QDS_bestfit.csv
NGC4183,23,799.645,34.7672,8.87369,0.422557,98.785,83.6913,3.32388,/data/data/com.termux/files/home/OMEGA_EMPIRE/UV_QDS/data/rotmods_rc/qds_fit_out_flatboost_20251213_003324/NGC4183_QDS_bestfit.csv
NGC4214,14,354.115,25.2939,10.6619,0.88849,96.487,76.2855,1.63777,/data/data/com.termux/files/home/OMEGA_EMPIRE/UV_QDS/data/rotmods_rc/qds_fit_out_flatboost_20251213_003324/NGC4214_QDS_bestfit.csv
NGC4217,19,1595.29,83.9629,1595.29,93.8409,-11.765,0,0.2,/data/data/com.termux/files/home/OMEGA_EMPIRE/UV_QDS/data/rotmods_rc/qds_fit_out_flatboost_20251213_003324/NGC4217_QDS_bestfit.csv
NGC4389,6,479.215,79.8691,479.215,119.804,-50.000,0,0.2,/data/data/com.termux/files/home/OMEGA_EMPIRE/UV_QDS/data/rotmods_rc/qds_fit_out_flatboost_20251213_003324/NGC4389_QDS_bestfit.csv
NGC4559,32,789.706,24.6783,84.7125,2.82375,88.558,180.482,26.7987,/data/data/com.termux/files/home/OMEGA_EMPIRE/UV_QDS/data/rotmods_rc/qds_fit_out_flatboost_20251213_003324/NGC4559_QDS_bestfit.csv
NGC5005,18,251.416,13.9676,251.416,15.7135,-12.500,0,0.2,/data/data/com.termux/files/home/OMEGA_EMPIRE/UV_QDS/data/rotmods_rc/qds_fit_out_flatboost_20251213_003324/NGC5005_QDS_bestfit.csv
NGC5033,22,8013.52,364.251,349.861,17.493,95.198,159.458,10.1859,/data/data/com.termux/files/home/OMEGA_EMPIRE/UV_QDS/data/rotmods_rc/qds_fit_out_flatboost_20251213_003324/NGC5033_QDS_bestfit.csv
NGC5055,28,95924.4,3425.87,85994.1,3307.47,3.456,164.123,40,/data/data/com.termux/files/home/OMEGA_EMPIRE/UV_QDS/data/rotmods_rc/qds_fit_out_flatboost_20251213_003324/NGC5055_QDS_bestfit.csv
NGC5371,19,2412.54,126.976,2412.54,141.914,-11.765,0,0.2,/data/data/com.termux/files/home/OMEGA_EMPIRE/UV_QDS/data/rotmods_rc/qds_fit_out_flatboost_20251213_003324/NGC5371_QDS_bestfit.csv
NGC5585,24,4190.32,174.597,347.025,15.7739,90.966,148.165,12.9308,/data/data/com.termux/files/home/OMEGA_EMPIRE/UV_QDS/data/rotmods_rc/qds_fit_out_flatboost_20251213_003324/NGC5585_QDS_bestfit.csv
NGC5907,19,4802.41,252.759,86.6412,5.09654,97.984,226.897,39.1373,/data/data/com.termux/files/home/OMEGA_EMPIRE/UV_QDS/data/rotmods_rc/qds_fit_out_flatboost_20251213_003324/NGC5907_QDS_bestfit.csv
NGC5985,33,8469.01,256.637,115.324,3.72014,98.550,200.929,1.92532,/data/data/com.termux/files/home/OMEGA_EMPIRE/UV_QDS/data/rotmods_rc/qds_fit_out_flatboost_20251213_003324/NGC5985_QDS_bestfit.csv
NGC6015,44,4753.17,108.027,393.806,9.37632,91.320,143.703,11.3231,/data/data/com.termux/files/home/OMEGA_EMPIRE/UV_QDS/data/rotmods_rc/qds_fit_out_flatboost_20251213_003324/NGC6015_QDS_bestfit.csv
NGC6195,23,1354.46,58.8895,1354.46,64.498,-9.524,0,0.2,/data/data/com.termux/files/home/OMEGA_EMPIRE/UV_QDS/data/rotmods_rc/qds_fit_out_flatboost_20251213_003324/NGC6195_QDS_bestfit.csv
NGC6503,31,25645.1,827.26,535.294,18.4584,97.769,106.178,6.68302,/data/data/com.termux/files/home/OMEGA_EMPIRE/UV_QDS/data/rotmods_rc/qds_fit_out_flatboost_20251213_003324/NGC6503_QDS_bestfit.csv
NGC6674,15,15435.5,1029.03,103.005,7.92343,99.230,206.233,20.3157,/data/data/com.termux/files/home/OMEGA_EMPIRE/UV_QDS/data/rotmods_rc/qds_fit_out_flatboost_20251213_003324/NGC6674_QDS_bestfit.csv
NGC6789,4,57.5114,14.3778,0.556196,0.278098,98.066,120.8,1.28673,/data/data/com.termux/files/home/OMEGA_EMPIRE/UV_QDS/data/rotmods_rc/qds_fit_out_flatboost_20251213_003324/NGC6789_QDS_bestfit.csv
NGC6946,58,5002.16,86.2441,5002.16,89.3242,-3.571,0,0.2,/data/data/com.termux/files/home/OMEGA_EMPIRE/UV_QDS/data/rotmods_rc/qds_fit_out_flatboost_20251213_003324/NGC6946_QDS_bestfit.csv
NGC7331,36,5836.34,162.121,5638.75,165.846,-2.298,146.688,40,/data/data/com.termux/files/home/OMEGA_EMPIRE/UV_QDS/data/rotmods_rc/qds_fit_out_flatboost_20251213_003324/NGC7331_QDS_bestfit.csv
NGC7793,46,116.893,2.54114,58.499,1.32952,47.680,200.838,20.5509,/data/data/com.termux/files/home/OMEGA_EMPIRE/UV_QDS/data/rotmods_rc/qds_fit_out_flatboost_20251213_003324/NGC7793_QDS_bestfit.csv
NGC7814,18,2811.54,156.197,130.106,8.13165,94.794,225.576,13.6366,/data/data/com.termux/files/home/OMEGA_EMPIRE/UV_QDS/data/rotmods_rc/qds_fit_out_flatboost_20251213_003324/NGC7814_QDS_bestfit.csv
PGC51017,6,19.4669,3.24448,19.4669,4.86672,-50.000,0,0.2,/data/data/com.termux/files/home/OMEGA_EMPIRE/UV_QDS/data/rotmods_rc/qds_fit_out_flatboost_20251213_003324/PGC51017_QDS_bestfit.csv
UGC00128,22,98063.6,4457.44,128.204,6.41021,99.856,116.001,6.44775,/data/data/com.termux/files/home/OMEGA_EMPIRE/UV_QDS/data/rotmods_rc/qds_fit_out_flatboost_20251213_003324/UGC00128_QDS_bestfit.csv
UGC00191,9,4689.45,521.05,22.0783,3.15405,99.395,66.8046,1.92532,/data/data/com.termux/files/home/OMEGA_EMPIRE/UV_QDS/data/rotmods_rc/qds_fit_out_flatboost_20251213_003324/UGC00191_QDS_bestfit.csv
UGC00634,4,4754.9,1188.73,2.49281,1.24641,99.895,104.276,5.68966,/data/data/com.termux/files/home/OMEGA_EMPIRE/UV_QDS/data/rotmods_rc/qds_fit_out_flatboost_20251213_003324/UGC00634_QDS_bestfit.csv
UGC00731,12,2089.65,174.137,3.04196,0.304196,99.825,62.6509,1.63777,/data/data/com.termux/files/home/OMEGA_EMPIRE/UV_QDS/data/rotmods_rc/qds_fit_out_flatboost_20251213_003324/UGC00731_QDS_bestfit.csv
UGC00891,5,7359.36,1471.87,3.13429,1.04476,99.929,73.9877,4.69629,/data/data/com.termux/files/home/OMEGA_EMPIRE/UV_QDS/data/rotmods_rc/qds_fit_out_flatboost_20251213_003324/UGC00891_QDS_bestfit.csv
UGC01230,11,168.845,15.3495,3.82748,0.425276,97.229,91.3649,2.94483,/data/data/com.termux/files/home/OMEGA_EMPIRE/UV_QDS/data/rotmods_rc/qds_fit_out_flatboost_20251213_003324/UGC01230_QDS_bestfit.csv
UGC01281,25,432.635,17.3054,7.58183,0.329645,98.095,68.2053,3.32388,/data/data/com.termux/files/home/OMEGA_EMPIRE/UV_QDS/data/rotmods_rc/qds_fit_out_flatboost_20251213_003324/UGC01281_QDS_bestfit.csv
UGC02023,5,5.18072,1.03614,1.75242,0.58414,43.624,117.6,11.5584,/data/data/com.termux/files/home/OMEGA_EMPIRE/UV_QDS/data/rotmods_rc/qds_fit_out_flatboost_20251213_003324/UGC02023_QDS_bestfit.csv
UGC02259,8,3456.09,432.011,10.4818,1.74697,99.596,72.7685,1.06266,/data/data/com.termux/files/home/OMEGA_EMPIRE/UV_QDS/data/rotmods_rc/qds_fit_out_flatboost_20251213_003324/UGC02259_QDS_bestfit.csv
UGC02455,8,755.711,94.4639,755.711,125.952,-33.333,0,0.2,/data/data/com.termux/files/home/OMEGA_EMPIRE/UV_QDS/data/rotmods_rc/qds_fit_out_flatboost_20251213_003324/UGC02455_QDS_bestfit.csv
UGC02487,17,22944.6,1349.68,52.7298,3.51532,99.740,264.138,9.42785,/data/data/com.termux/files/home/OMEGA_EMPIRE/UV_QDS/data/rotmods_rc/qds_fit_out_flatboost_20251213_003324/UGC02487_QDS_bestfit.csv
UGC02885,19,913.979,48.1042,24.839,1.46112,96.963,279.258,40,/data/data/com.termux/files/home/OMEGA_EMPIRE/UV_QDS/data/rotmods_rc/qds_fit_out_flatboost_20251213_003324/UGC02885_QDS_bestfit.csv
UGC02916,43,10405.9,241.997,10405.9,253.802,-4.878,0,0.2,/data/data/com.termux/files/home/OMEGA_EMPIRE/UV_QDS/data/rotmods_rc/qds_fit_out_flatboost_20251213_003324/UGC02916_QDS_bestfit.csv
UGC02953,115,61012.3,530.542,8503.51,75.2523,85.816,279.924,30.2493,/data/data/com.termux/files/home/OMEGA_EMPIRE/UV_QDS/data/rotmods_rc/qds_fit_out_flatboost_20251213_003324/UGC02953_QDS_bestfit.csv
UGC03205,48,7923.88,165.081,176.531,3.83764,97.675,212.483,22.1586,/data/data/com.termux/files/home/OMEGA_EMPIRE/UV_QDS/data/rotmods_rc/qds_fit_out_flatboost_20251213_003324/UGC03205_QDS_bestfit.csv
UGC03546,30,2549.93,84.9978,791.065,28.2523,66.761,244.878,40,/data/data/com.termux/files/home/OMEGA_EMPIRE/UV_QDS/data/rotmods_rc/qds_fit_out_flatboost_20251213_003324/UGC03546_QDS_bestfit.csv
UGC03580,47,14962.1,318.343,4709.65,104.659,67.124,160.125,18.6557,/data/data/com.termux/files/home/OMEGA_EMPIRE/UV_QDS/data/rotmods_rc/qds_fit_out_flatboost_20251213_003324/UGC03580_QDS_bestfit.csv
UGC04278,25,789.474,31.579,10.2897,0.44738,98.583,183.449,11.5584,/data/data/com.termux/files/home/OMEGA_EMPIRE/UV_QDS/data/rotmods_rc/qds_fit_out_flatboost_20251213_003324/UGC04278_QDS_bestfit.csv
UGC04305,22,51.495,2.34068,51.495,2.57475,-10.000,0,0.2,/data/data/com.termux/files/home/OMEGA_EMPIRE/UV_QDS/data/rotmods_rc/qds_fit_out_flatboost_20251213_003324/UGC04305_QDS_bestfit.csv
UGC04325,8,1071.73,133.966,4.61782,0.769637,99.425,76.0475,0.953427,/data/data/com.termux/files/home/OMEGA_EMPIRE/UV_QDS/data/rotmods_rc/qds_fit_out_flatboost_20251213_003324/UGC04325_QDS_bestfit.csv
UGC04483,8,171.811,21.4763,6.7636,1.12727,94.751,35.3695,1.28673,/data/data/com.termux/files/home/OMEGA_EMPIRE/UV_QDS/data/rotmods_rc/qds_fit_out_flatboost_20251213_003324/UGC04483_QDS_bestfit.csv
UGC04499,9,552.482,61.3869,5.56294,0.794706,98.705,62.9049,2.94483,/data/data/com.termux/files/home/OMEGA_EMPIRE/UV_QDS/data/rotmods_rc/qds_fit_out_flatboost_20251213_003324/UGC04499_QDS_bestfit.csv
UGC05005,11,117.888,10.7171,0.707458,0.0786064,99.267,101.544,11.7936,/data/data/com.termux/files/home/OMEGA_EMPIRE/UV_QDS/data/rotmods_rc/qds_fit_out_flatboost_20251213_003324/UGC05005_QDS_bestfit.csv
UGC05253,73,12202.1,167.152,8214.88,115.703,30.780,209.965,24.2891,/data/data/com.termux/files/home/OMEGA_EMPIRE/UV_QDS/data/rotmods_rc/qds_fit_out_flatboost_20251213_003324/UGC05253_QDS_bestfit.csv
UGC05414,6,156.681,26.1134,0.854101,0.213525,99.182,102.192,6.91829,/data/data/com.termux/files/home/OMEGA_EMPIRE/UV_QDS/data/rotmods_rc/qds_fit_out_flatboost_20251213_003324/UGC05414_QDS_bestfit.csv
UGC05716,12,23629.6,1969.13,23.735,2.3735,99.879,66.9724,2.70956,/data/data/com.termux/files/home/OMEGA_EMPIRE/UV_QDS/data/rotmods_rc/qds_fit_out_flatboost_20251213_003324/UGC05716_QDS_bestfit.csv
UGC05721,23,1439.42,62.5836,11.4736,0.546364,99.127,73.4584,0.891809,/data/data/com.termux/files/home/OMEGA_EMPIRE/UV_QDS/data/rotmods_rc/qds_fit_out_flatboost_20251213_003324/UGC05721_QDS_bestfit.csv
UGC05750,11,86.201,7.83645,1.64415,0.182683,97.669,71.6707,6.30397,/data/data/com.termux/files/home/OMEGA_EMPIRE/UV_QDS/data/rotmods_rc/qds_fit_out_flatboost_20251213_003324/UGC05750_QDS_bestfit.csv
UGC05764,10,19741.7,1974.17,26.1427,3.26784,99.834,50.4307,0.660272,/data/data/com.termux/files/home/OMEGA_EMPIRE/UV_QDS/data/rotmods_rc/qds_fit_out_flatboost_20251213_003324/UGC05764_QDS_bestfit.csv
UGC05829,11,187.509,17.0463,1.36884,0.152094,99.108,58.0791,2.94483,/data/data/com.termux/files/home/OMEGA_EMPIRE/UV_QDS/data/rotmods_rc/qds_fit_out_flatboost_20251213_003324/UGC05829_QDS_bestfit.csv
UGC05918,8,174.95,21.8688,0.267853,0.0446422,99.796,37.0322,1.06266,/data/data/com.termux/files/home/OMEGA_EMPIRE/UV_QDS/data/rotmods_rc/qds_fit_out_flatboost_20251213_003324/UGC05918_QDS_bestfit.csv
UGC05986,15,2612.38,174.158,21.8658,1.68198,99.034,111.162,3.55915,/data/data/com.termux/files/home/OMEGA_EMPIRE/UV_QDS/data/rotmods_rc/qds_fit_out_flatboost_20251213_003324/UGC05986_QDS_bestfit.csv
UGC05999,5,276.667,55.3333,5.24355,1.74785,96.841,94.647,7.06207,/data/data/com.termux/files/home/OMEGA_EMPIRE/UV_QDS/data/rotmods_rc/qds_fit_out_flatboost_20251213_003324/UGC05999_QDS_bestfit.csv
UGC06399,9,354.489,39.3876,0.745097,0.106442,99.730,81.8751,3.32388,/data/data/com.termux/files/home/OMEGA_EMPIRE/UV_QDS/data/rotmods_rc/qds_fit_out_flatboost_20251213_003324/UGC06399_QDS_bestfit.csv
UGC06446,17,1211.57,71.2691,4.71627,0.314418,99.559,71.8792,1.63777,/data/data/com.termux/files/home/OMEGA_EMPIRE/UV_QDS/data/rotmods_rc/qds_fit_out_flatboost_20251213_003324/UGC06446_QDS_bestfit.csv
UGC06614,13,209.375,16.1057,71.2137,6.47397,59.803,222.302,40,/data/data/com.termux/files/home/OMEGA_EMPIRE/UV_QDS/data/rotmods_rc/qds_fit_out_flatboost_20251213_003324/UGC06614_QDS_bestfit.csv
UGC06628,7,6.67031,0.952902,6.67031,1.33406,-40.000,0,0.2,/data/data/com.termux/files/home/OMEGA_EMPIRE/UV_QDS/data/rotmods_rc/qds_fit_out_flatboost_20251213_003324/UGC06628_QDS_bestfit.csv
UGC06667,9,1737.86,193.095,1.21575,0.173679,99.910,82.1256,2.1886,/data/data/com.termux/files/home/OMEGA_EMPIRE/UV_QDS/data/rotmods_rc/qds_fit_out_flatboost_20251213_003324/UGC06667_QDS_bestfit.csv
UGC06786,45,27137.8,603.063,183.378,4.26461,99.293,209.672,10.1859,/data/data/com.termux/files/home/OMEGA_EMPIRE/UV_QDS/data/rotmods_rc/qds_fit_out_flatboost_20251213_003324/UGC06786_QDS_bestfit.csv
UGC06787,71,42857,603.62,3325.74,48.1991,92.015,228.414,12.1727,/data/data/com.termux/files/home/OMEGA_EMPIRE/UV_QDS/data/rotmods_rc/qds_fit_out_flatboost_20251213_003324/UGC06787_QDS_bestfit.csv
UGC06818,8,106.958,13.3697,22.7734,3.79556,71.611,148.8,13.9241,/data/data/com.termux/files/home/OMEGA_EMPIRE/UV_QDS/data/rotmods_rc/qds_fit_out_flatboost_20251213_003324/UGC06818_QDS_bestfit.csv
UGC06917,11,596.961,54.2692,5.59272,0.621413,98.855,91.8621,3.93819,/data/data/com.termux/files/home/OMEGA_EMPIRE/UV_QDS/data/rotmods_rc/qds_fit_out_flatboost_20251213_003324/UGC06917_QDS_bestfit.csv
UGC06923,6,58.347,9.7245,6.34659,1.58665,83.684,132.104,9.0488,/data/data/com.termux/files/home/OMEGA_EMPIRE/UV_QDS/data/rotmods_rc/qds_fit_out_flatboost_20251213_003324/UGC06923_QDS_bestfit.csv
UGC06930,10,260.047,26.0047,2.332,0.2915,98.879,80.6135,3.32388,/data/data/com.termux/files/home/OMEGA_EMPIRE/UV_QDS/data/rotmods_rc/qds_fit_out_flatboost_20251213_003324/UGC06930_QDS_bestfit.csv
UGC06973,9,3515.09,390.566,3515.09,502.156,-28.571,0,0.2,/data/data/com.termux/files/home/OMEGA_EMPIRE/UV_QDS/data/rotmods_rc/qds_fit_out_flatboost_20251213_003324/UGC06973_QDS_bestfit.csv
UGC06983,17,1103.94,64.9376,6.87093,0.458062,99.295,93.5172,2.94483,/data/data/com.termux/files/home/OMEGA_EMPIRE/UV_QDS/data/rotmods_rc/qds_fit_out_flatboost_20251213_003324/UGC06983_QDS_bestfit.csv
UGC07089,12,76.0828,6.34023,2.26346,0.226346,96.430,158.2,20.7862,/data/data/com.termux/files/home/OMEGA_EMPIRE/UV_QDS/data/rotmods_rc/qds_fit_out_flatboost_20251213_003324/UGC07089_QDS_bestfit.csv
UGC07125,13,475.017,36.5398,7.00895,0.637177,98.256,48.516,5.31061,/data/data/com.termux/files/home/OMEGA_EMPIRE/UV_QDS/data/rotmods_rc/qds_fit_out_flatboost_20251213_003324/UGC07125_QDS_bestfit.csv
UGC07151,11,394.979,35.9072,8.76765,0.974183,97.287,52.5517,1.63777,/data/data/com.termux/files/home/OMEGA_EMPIRE/UV_QDS/data/rotmods_rc/qds_fit_out_flatboost_20251213_003324/UGC07151_QDS_bestfit.csv
UGC07232,4,30.4581,7.61451,3.6632,1.8316,75.946,77.0181,1.66111,/data/data/com.termux/files/home/OMEGA_EMPIRE/UV_QDS/data/rotmods_rc/qds_fit_out_flatboost_20251213_003324/UGC07232_QDS_bestfit.csv
UGC07261,7,108.297,15.471,3.71332,0.742664,95.200,57.731,1.57241,/data/data/com.termux/files/home/OMEGA_EMPIRE/UV_QDS/data/rotmods_rc/qds_fit_out_flatboost_20251213_003324/UGC07261_QDS_bestfit.csv
UGC07323,10,71.4624,7.14624,2.97516,0.371895,94.796,171.2,16.0546,/data/data/com.termux/files/home/OMEGA_EMPIRE/UV_QDS/data/rotmods_rc/qds_fit_out_flatboost_20251213_003324/UGC07323_QDS_bestfit.csv
UGC07399,10,2380.22,238.022,3.87714,0.484643,99.796,93.0154,1.28673,/data/data/com.termux/files/home/OMEGA_EMPIRE/UV_QDS/data/rotmods_rc/qds_fit_out_flatboost_20251213_003324/UGC07399_QDS_bestfit.csv
UGC07524,31,1932.55,62.3405,7.77723,0.26818,99.570,66.1593,2.94483,/data/data/com.termux/files/home/OMEGA_EMPIRE/UV_QDS/data/rotmods_rc/qds_fit_out_flatboost_20251213_003324/UGC07524_QDS_bestfit.csv
UGC07559,7,30.9048,4.41498,1.32856,0.265713,93.982,55.3448,4.31724,/data/data/com.termux/files/home/OMEGA_EMPIRE/UV_QDS/data/rotmods_rc/qds_fit_out_flatboost_20251213_003324/UGC07559_QDS_bestfit.csv
UGC07577,9,2.79064,0.310071,2.79064,0.398663,-28.571,0,0.2,/data/data/com.termux/files/home/OMEGA_EMPIRE/UV_QDS/data/rotmods_rc/qds_fit_out_flatboost_20251213_003324/UGC07577_QDS_bestfit.csv
UGC07603,12,952.345,79.3621,6.66042,0.666042,99.161,64.2312,1.63777,/data/data/com.termux/files/home/OMEGA_EMPIRE/UV_QDS/data/rotmods_rc/qds_fit_out_flatboost_20251213_003324/UGC07603_QDS_bestfit.csv
UGC07608,8,167.778,20.9722,0.685208,0.114201,99.455,74.6483,2.56578,/data/data/com.termux/files/home/OMEGA_EMPIRE/UV_QDS/data/rotmods_rc/qds_fit_out_flatboost_20251213_003324/UGC07608_QDS_bestfit.csv
UGC07690,7,63.7467,9.10668,1.42148,0.284296,96.878,41.4235,1.06266,/data/data/com.termux/files/home/OMEGA_EMPIRE/UV_QDS/data/rotmods_rc/qds_fit_out_flatboost_20251213_003324/UGC07690_QDS_bestfit.csv
UGC07866,7,23.6458,3.37797,0.313681,0.0627361,98.143,25.6539,1.01505,/data/data/com.termux/files/home/OMEGA_EMPIRE/UV_QDS/data/rotmods_rc/qds_fit_out_flatboost_20251213_003324/UGC07866_QDS_bestfit.csv
UGC08286,17,5407.46,318.086,21.4333,1.42889,99.551,72.3679,1.35021,/data/data/com.termux/files/home/OMEGA_EMPIRE/UV_QDS/data/rotmods_rc/qds_fit_out_flatboost_20251213_003324/UGC08286_QDS_bestfit.csv
UGC08490,30,3224.25,107.475,5.69238,0.203299,99.811,71.8138,1.28673,/data/data/com.termux/files/home/OMEGA_EMPIRE/UV_QDS/data/rotmods_rc/qds_fit_out_flatboost_20251213_003324/UGC08490_QDS_bestfit.csv
UGC08550,11,1594.94,144.995,5.21167,0.579075,99.601,51.4031,1.28673,/data/data/com.termux/files/home/OMEGA_EMPIRE/UV_QDS/data/rotmods_rc/qds_fit_out_flatboost_20251213_003324/UGC08550_QDS_bestfit.csv
UGC08699,41,1875.11,45.7343,477.853,12.2526,73.209,192.646,15.4403,/data/data/com.termux/files/home/OMEGA_EMPIRE/UV_QDS/data/rotmods_rc/qds_fit_out_flatboost_20251213_003324/UGC08699_QDS_bestfit.csv
UGC08837,8,56.2234,7.02792,18.9372,3.1562,55.091,96,11.9374,/data/data/com.termux/files/home/OMEGA_EMPIRE/UV_QDS/data/rotmods_rc/qds_fit_out_flatboost_20251213_003324/UGC08837_QDS_bestfit.csv
UGC09037,22,813.187,36.963,800.204,40.0102,-8.244,113.392,40,/data/data/com.termux/files/home/OMEGA_EMPIRE/UV_QDS/data/rotmods_rc/qds_fit_out_flatboost_20251213_003324/UGC09037_QDS_bestfit.csv
UGC09133,68,59213.8,870.791,4897.84,74.2097,91.478,193.806,26.7464,/data/data/com.termux/files/home/OMEGA_EMPIRE/UV_QDS/data/rotmods_rc/qds_fit_out_flatboost_20251213_003324/UGC09133_QDS_bestfit.csv
UGC09992,5,5.41176,1.08235,0.0299191,0.00997302,99.079,18.2708,0.2,/data/data/com.termux/files/home/OMEGA_EMPIRE/UV_QDS/data/rotmods_rc/qds_fit_out_flatboost_20251213_003324/UGC09992_QDS_bestfit.csv
UGC10310,7,138.475,19.7821,0.486017,0.0972034,99.509,55.531,1.63777,/data/data/com.termux/files/home/OMEGA_EMPIRE/UV_QDS/data/rotmods_rc/qds_fit_out_flatboost_20251213_003324/UGC10310_QDS_bestfit.csv
UGC11455,36,1415.49,39.3191,1344.04,39.5307,-0.538,160.552,40,/data/data/com.termux/files/home/OMEGA_EMPIRE/UV_QDS/data/rotmods_rc/qds_fit_out_flatboost_20251213_003324/UGC11455_QDS_bestfit.csv
UGC11557,12,79.3798,6.61498,79.3798,7.93798,-20.000,0,0.2,/data/data/com.termux/files/home/OMEGA_EMPIRE/UV_QDS/data/rotmods_rc/qds_fit_out_flatboost_20251213_003324/UGC11557_QDS_bestfit.csv
UGC11820,10,10139.7,1013.97,32.7246,4.09058,99.597,75.7138,5.31061,/data/data/com.termux/files/home/OMEGA_EMPIRE/UV_QDS/data/rotmods_rc/qds_fit_out_flatboost_20251213_003324/UGC11820_QDS_bestfit.csv
UGC11914,65,961.618,14.7941,961.618,15.2638,-3.175,0,0.2,/data/data/com.termux/files/home/OMEGA_EMPIRE/UV_QDS/data/rotmods_rc/qds_fit_out_flatboost_20251213_003324/UGC11914_QDS_bestfit.csv
UGC12506,31,1070.72,34.5392,15.1848,0.523614,98.484,175.862,1.66111,/data/data/com.termux/files/home/OMEGA_EMPIRE/UV_QDS/data/rotmods_rc/qds_fit_out_flatboost_20251213_003324/UGC12506_QDS_bestfit.csv
UGC12632,15,1266.48,84.4321,0.887457,0.0682659,99.919,61.4447,2.1886,/data/data/com.termux/files/home/OMEGA_EMPIRE/UV_QDS/data/rotmods_rc/qds_fit_out_flatboost_20251213_003324/UGC12632_QDS_bestfit.csv
UGC12732,16,1975.17,123.448,11.4796,0.819973,99.336,81.1034,3.55915,/data/data/com.termux/files/home/OMEGA_EMPIRE/UV_QDS/data/rotmods_rc/qds_fit_out_flatboost_20251213_003324/UGC12732_QDS_bestfit.csv
UGCA281,7,108.299,15.4713,3.6357,0.72714,95.300,50.8621,1.57241,/data/data/com.termux/files/home/OMEGA_EMPIRE/UV_QDS/data/rotmods_rc/qds_fit_out_flatboost_20251213_003324/UGCA281_QDS_bestfit.csv
UGCA442,8,3936.44,492.055,3.81792,0.63632,99.871,56.4902,2.1886,/data/data/com.termux/files/home/OMEGA_EMPIRE/UV_QDS/data/rotmods_rc/qds_fit_out_flatboost_20251213_003324/UGCA442_QDS_bestfit.csv
UGCA444,36,426.164,11.8379,5.77464,0.169842,98.565,33.5078,1.01505,/data/data/com.termux/files/home/OMEGA_EMPIRE/UV_QDS/data/rotmods_rc/qds_fit_out_flatboost_20251213_003324/UGCA444_QDS_bestfit.csv
